t,y0,y1,y2,error_norm,h
0.0000000000,1.0000000000,0.0000000000,0.0000000000,0.0000000000,0.0000000000
0.1001001001,0.9960738985,0.0000358037,0.0038902978,0.1368483054,0.0101735576
0.2002002002,0.9922985381,0.0000351217,0.0076663402,0.1805739644,0.0123625495
0.3003003003,0.9886632331,0.0000344753,0.0113022917,0.1943756244,0.0135197225
0.4004004004,0.9851583422,0.0000338615,0.0148077962,0.1935667160,0.0140785504
0.5005005005,0.9817751472,0.0000332780,0.0181915748,0.1939554422,0.0146595427
0.6006006006,0.9785057417,0.0000327225,0.0214615358,0.1950479724,0.0152662921
0.7007007007,0.9753429369,0.0000321929,0.0246248702,0.1900800292,0.0155771102
0.8008008008,0.9722801795,0.0000316873,0.0276881332,0.1917511670,0.0162245914
0.9009009009,0.9693114812,0.0000312041,0.0306573147,0.1960297196,0.0169043629
1.0010010010,0.9664313576,0.0000307418,0.0335379007,0.1913623034,0.0172561922
1.1011011011,0.9636347743,0.0000302989,0.0363349269,0.1971949586,0.0179574835
1.2012012012,0.9609171007,0.0000298742,0.0390530251,0.1922258388,0.0183235464
1.3013013013,0.9582740689,0.0000294666,0.0416964645,0.1897181324,0.0186997414
1.4014014014,0.9557017378,0.0000290750,0.0442691872,0.1936075785,0.0194829159
1.5015015015,0.9531964615,0.0000286984,0.0467748401,0.1906162646,0.0198734761
1.6016016016,0.9507548609,0.0000283359,0.0492168032,0.1964539801,0.0206942848
1.7017017017,0.9483737995,0.0000279867,0.0515982138,0.1960033566,0.0211240972
1.8018018018,0.9460503605,0.0000276501,0.0539219894,0.1927017253,0.0215483165
1.9019019019,0.9437818281,0.0000273253,0.0561908466,0.1896942406,0.0219884811
2.0020020020,0.9415656691,0.0000270117,0.0584073192,0.1974952400,0.0228948510
2.1021021021,0.9393995177,0.0000267086,0.0605737737,0.1966152014,0.0233639234
2.2022022022,0.9372811611,0.0000264156,0.0626924233,0.1934223983,0.0238506090
2.3023023023,0.9352085271,0.0000261321,0.0647653408,0.1922764252,0.0243329071
2.4024024024,0.9331796725,0.0000258576,0.0667944699,0.1913424095,0.0248357238
2.5025025025,0.9311927731,0.0000255917,0.0687816353,0.1900675929,0.0253353615
2.6026026026,0.9292461138,0.0000253339,0.0707285523,0.1974385277,0.0263779158
2.7027027027,0.9273380809,0.0000250838,0.0726368352,0.1962535679,0.0269229047
2.8028028028,0.9254671541,0.0000248411,0.0745080048,0.1973019278,0.0274661634
2.9029029029,0.9236318993,0.0000246055,0.0763434952,0.1960501798,0.0280362809
3.0030030030,0.9218309629,0.0000243765,0.0781446605,0.1970627451,0.0286051494
3.1031031031,0.9200630655,0.0000241541,0.0799127805,0.1957611056,0.0292028141
3.2032032032,0.9183269968,0.0000239376,0.0816490655,0.1967510666,0.0297996176
3.3033033033,0.9166216111,0.0000237271,0.0833546618,0.1948667592,0.0303981395
3.4034034034,0.9149458222,0.0000235222,0.0850306556,0.1959776007,0.0310302884
3.5035035035,0.9132986002,0.0000233226,0.0866780772,0.1968217415,0.0316634968
3.6036036036,0.9116789670,0.0000231281,0.0882979048,0.1974665989,0.0323002270
3.7037037037,0.9100859936,0.0000229387,0.0898910677,0.1896368180,0.0323002270
3.8038038038,0.9085187963,0.0000227539,0.0914584498,0.1905604070,0.0329747218
3.9039039039,0.9069765344,0.0000225737,0.0930008920,0.1912604953,0.0336515999
4.0040040040,0.9054584069,0.0000223978,0.0945191953,0.1917892126,0.0343333490
4.1041041041,0.9039636508,0.0000222261,0.0960141231,0.1921832515,0.0350220002
4.2042042042,0.9024915381,0.0000220585,0.0974864034,0.1929967051,0.0357550340
4.3043043043,0.9010413741,0.0000218947,0.0989367312,0.1936053191,0.0364928232
4.4044044044,0.8996124952,0.0000217347,0.1003657701,0.1940575655,0.0372378021
4.5045045045,0.8982042674,0.0000215782,0.1017741544,0.1971716585,0.0379919784
4.6046046046,0.8968160842,0.0000214253,0.1031624905,0.1974227342,0.0387570561
4.7047047047,0.8954473654,0.0000212756,0.1045313590,0.1918940535,0.0387570561
4.8048048048,0.8940975553,0.0000211293,0.1058813155,0.1920329158,0.0395345177
4.9049049049,0.8927661216,0.0000209860,0.1072128924,0.1948670226,0.0403256786
5.0050050050,0.8914525542,0.0000208457,0.1085266001,0.1954632246,0.0411745210
5.1051051051,0.8901563636,0.0000207083,0.1098229281,0.1899510242,0.0411745210
5.2052052052,0.8888770800,0.0000205738,0.1111023461,0.1903294742,0.0420330037
5.3053053053,0.8876142527,0.0000204419,0.1123653053,0.1933600257,0.0429034430
5.4054054054,0.8863674483,0.0000203127,0.1136122390,0.1964107955,0.0437877851
5.5055055055,0.8851362504,0.0000201861,0.1148435635,0.1965431859,0.0446877089
5.6056056056,0.8839202586,0.0000200619,0.1160596795,0.1908632328,0.0446877089
5.7057057057,0.8827190877,0.0000199400,0.1172609723,0.1937224139,0.0456046975
5.8058058058,0.8815323668,0.0000198204,0.1184478128,0.1966360060,0.0465400873
5.9059059059,0.8803597387,0.0000197032,0.1196205582,0.1908989983,0.0465400873
6.0060060060,0.8792008594,0.0000195881,0.1207795525,0.1908549968,0.0474951053
6.1061061061,0.8780553972,0.0000194751,0.1219251277,0.1936359278,0.0484708955
6.2062062062,0.8769230325,0.0000193641,0.1230576034,0.1964881011,0.0494685395
6.3063063063,0.8758034567,0.0000192551,0.1241772882,0.1906781214,0.0494685395
6.4064064064,0.8746963720,0.0000191481,0.1252844800,0.1934344925,0.0504890731
6.5065065065,0.8736014910,0.0000190429,0.1263794662,0.1962686433,0.0515334987
6.6066066066,0.8725185360,0.0000189395,0.1274625245,0.1904146350,0.0515334987
6.7067067067,0.8714472388,0.0000188378,0.1285339233,0.1931598755,0.0526027958
6.8068068068,0.8703873402,0.0000187379,0.1295939219,0.1902591943,0.0526027958
6.9069069069,0.8693385892,0.0000186396,0.1306427712,0.1930024616,0.0536979294
7.0070070070,0.8683007435,0.0000185430,0.1316807135,0.1958294986,0.0548198570
7.1071071071,0.8672735682,0.0000184480,0.1327079838,0.1899133008,0.0548198570
7.2072072072,0.8662568362,0.0000183546,0.1337248092,0.1926578138,0.0559695349
7.3073073073,0.8652503276,0.0000182625,0.1347314098,0.1954885293,0.0571479233
7.4074074074,0.8642538293,0.0000181719,0.1357279988,0.1924736899,0.0571479233
7.5075075075,0.8632671347,0.0000180828,0.1367147825,0.1953079451,0.0583559904
7.6076076076,0.8622900436,0.0000179951,0.1376919612,0.1976388785,0.0595264738
7.7077077077,0.8613223623,0.0000179087,0.1386597291,0.1945454668,0.0595264738
7.8078078078,0.8603639023,0.0000178235,0.1396182742,0.1969835851,0.0607385116
7.9079079079,0.8594144810,0.0000177398,0.1405677792,0.1908796431,0.0607385116
8.0080080080,0.8584739214,0.0000176572,0.1415084214,0.1964177398,0.0619912157
8.1081081081,0.8575420514,0.0000175759,0.1424403728,0.1903147886,0.0619912157
8.2082082082,0.8566187039,0.0000174958,0.1433638003,0.1928313418,0.0632841036
8.3083083083,0.8557037169,0.0000174167,0.1442788665,0.1898154169,0.0632841036
8.4084084084,0.8547969324,0.0000173389,0.1451857287,0.1923871220,0.0646170155
8.5085085085,0.8538981977,0.0000172620,0.1460845403,0.1976598420,0.0659126895
8.6086086086,0.8530073634,0.0000171865,0.1469754501,0.1914191760,0.0659126895
8.7087087087,0.8521242851,0.0000171118,0.1478586031,0.1968221879,0.0672599207
8.8088088088,0.8512488218,0.0000170383,0.1487341399,0.1905960952,0.0672599207
8.9089089089,0.8503808367,0.0000169656,0.1496021977,0.1961062175,0.0686570967
9.0090090090,0.8495201962,0.0000168941,0.1504629097,0.1898875292,0.0686570967
9.1091091091,0.8486667708,0.0000168233,0.1513164058,0.1954866550,0.0701031648
9.2092092092,0.8478204340,0.0000167538,0.1521628122,0.1975653843,0.0715120694
9.3093093093,0.8469810631,0.0000166849,0.1530022520,0.1943574980,0.0715120694
9.4094094094,0.8461485380,0.0000166170,0.1538348450,0.1912263978,0.0715120694
9.5095095095,0.8453227420,0.0000165501,0.1546607078,0.1934042866,0.0729812189
9.6096096096,0.8445035617,0.0000164839,0.1554799544,0.1902828749,0.0729812189
9.7097097097,0.8436908859,0.0000164186,0.1562926955,0.1925908925,0.0745084078
9.8098098098,0.8428846066,0.0000163542,0.1570990392,0.1977373216,0.0760000475
9.9099099099,0.8420846186,0.0000162905,0.1578990909,0.1944872316,0.0760000475
10.0100100100,0.8412908190,0.0000162276,0.1586929534,0.1913145434,0.0760000475
10.1101101101,0.8405031075,0.0000161656,0.1594807268,0.1933988404,0.0775603187
10.2102102102,0.8397213865,0.0000161042,0.1602625092,0.1902390719,0.0775603187
10.3103103103,0.8389455605,0.0000160436,0.1610383959,0.1957026654,0.0791862962
10.4104104104,0.8381755361,0.0000159839,0.1618084800,0.1975969394,0.0807768021
10.5105105105,0.8374112226,0.0000159247,0.1625728527,0.1943122738,0.0807768021
10.6106106106,0.8366525312,0.0000158662,0.1633316026,0.1911054648,0.0807768021
10.7107107107,0.8358993751,0.0000158084,0.1640848165,0.1964144708,0.0824434951
10.8108108108,0.8351516695,0.0000157514,0.1648325791,0.1899531270,0.0824434951
10.9109109109,0.8344093317,0.0000156951,0.1655749732,0.1954153748,0.0841829556
11.0110110110,0.8336722810,0.0000156392,0.1663120798,0.1921566418,0.0841829556
11.1111111111,0.8329404381,0.0000155840,0.1670439779,0.1972826992,0.0858860950
11.2112112112,0.8322137259,0.0000155295,0.1677707447,0.1939676306,0.0858860950
11.3113113113,0.8314920687,0.0000154756,0.1684924557,0.1907308339,0.0858860950
11.4114114114,0.8307753927,0.0000154224,0.1692091849,0.1927526161,0.0876727509
11.5115115115,0.8300636257,0.0000153697,0.1699210046,0.1977631255,0.0894270782
11.6116116116,0.8293566971,0.0000153176,0.1706279853,0.1944122097,0.0894270782
11.7117117117,0.8286545377,0.0000152660,0.1713301963,0.1911403570,0.0894270782
11.8118118118,0.8279570799,0.0000152149,0.1720277052,0.1963728166,0.0912740320
11.9119119119,0.8272642574,0.0000151644,0.1727205781,0.1930423891,0.0912740320
12.0120120120,0.8265760056,0.0000151145,0.1734088799,0.1897902778,0.0912740320
12.1121121121,0.8258922608,0.0000150651,0.1740926741,0.1952039133,0.0932088330
12.2122122122,0.8252129611,0.0000150162,0.1747720226,0.1918882831,0.0932088330
12.3123123123,0.8245380457,0.0000149679,0.1754469864,0.1969822294,0.0951075407
12.4124124124,0.8238674550,0.0000149201,0.1761176250,0.1936127065,0.0951075407
12.5125125125,0.8232011306,0.0000148727,0.1767839967,0.1956295703,0.0971046657
12.6126126126,0.8225390154,0.0000148259,0.1774461587,0.1922795332,0.0971046657
12.7127127127,0.8218810536,0.0000147795,0.1781041670,0.1972874395,0.0990689983
12.8128128128,0.8212271900,0.0000147335,0.1787580764,0.1938865953,0.0990689983
12.9129129129,0.8205773711,0.0000146881,0.1794079408,0.1905657385,0.0990689983
13.0130130130,0.8199315441,0.0000146430,0.1800538128,0.1958084238,0.1011409936
13.1131131131,0.8192896574,0.0000145984,0.1806957442,0.1924302755,0.1011409936
13.2132132132,0.8186516602,0.0000145543,0.1813337855,0.1973873562,0.1031822555
13.3133133133,0.8180175029,0.0000145106,0.1819679865,0.1939604372,0.1031822555
13.4134134134,0.8173871368,0.0000144673,0.1825983960,0.1906141114,0.1031822555
13.5135135135,0.8167605141,0.0000144244,0.1832250615,0.1958205330,0.1053396106
13.6136136136,0.8161375880,0.0000143818,0.1838480302,0.1958205330,0.1053396106
13.7137137137,0.8155183124,0.0000143397,0.1844673479,0.1924185575,0.1053396106
13.8138138138,0.8149026423,0.0000142980,0.1850830597,0.1973483921,0.1074674202
13.9139139139,0.8142905333,0.0000142568,0.1856952100,0.1938989907,0.1074674202
14.0140140140,0.8136819420,0.0000142159,0.1863038422,0.1905307143,0.1074674202
14.1141141141,0.8130768257,0.0000141754,0.1869089989,0.1957197024,0.1097192964
14.2142142142,0.8124751427,0.0000141353,0.1875107221,0.1922968642,0.1097192964
14.3143143143,0.8118768517,0.0000140955,0.1881090528,0.1972151991,0.1119422012
14.4144144144,0.8112819124,0.0000140562,0.1887040314,0.1937458229,0.1119422012
14.5145145145,0.8106902853,0.0000140171,0.1892956976,0.1903580619,0.1119422012
14.6146146146,0.8101019313,0.0000139784,0.1898840902,0.1955421480,0.1142969427
14.7147147147,0.8095168124,0.0000139400,0.1904692477,0.1921005454,0.1142969427
14.8148148148,0.8089348908,0.0000139019,0.1910512073,0.1921005454,0.1142969427
14.9149149149,0.8083561297,0.0000138642,0.1916300062,0.1970178511,0.1166228517
15.0150150150,0.8077804927,0.0000138269,0.1922056804,0.1935302961,0.1166228517
15.1151151151,0.8072079444,0.0000137899,0.1927782657,0.1901248253,0.1166228517
15.2152152152,0.8066384497,0.0000137532,0.1933477971,0.1953122940,0.1190883471
15.3153153153,0.8060719743,0.0000137168,0.1939143089,0.1918534575,0.1190883471
15.4154154154,0.8055084843,0.0000136807,0.1944778351,0.1918534575,0.1190883471
15.5155155155,0.8049479464,0.0000136448,0.1950384088,0.1967766450,0.1215248376
15.6156156156,0.8043903280,0.0000136093,0.1955960627,0.1932722414,0.1215248376
15.7157157157,0.8038355969,0.0000135743,0.1961508289,0.1898503828,0.1215248376
15.8158158158,0.8032837215,0.0000135394,0.1967027391,0.1950466487,0.1241087778
15.9159159159,0.8027346708,0.0000135048,0.1972518243,0.1915717376,0.1241087778
16.0160160160,0.8021884144,0.0000134704,0.1977981152,0.1915717376,0.1241087778
16.1161161161,0.8016449219,0.0000134363,0.1983416418,0.1965053102,0.1266633167
16.2162162162,0.8011041638,0.0000134027,0.1988824335,0.1929850850,0.1266633167
16.3163163163,0.8005661112,0.0000133693,0.1994205195,0.1976994082,0.1292004835
16.4164164164,0.8000307354,0.0000133360,0.1999559286,0.1941403831,0.1292004835
16.5165165165,0.7994980083,0.0000133029,0.2004886888,0.1941403831,0.1292004835
16.6166166166,0.7989679020,0.0000132703,0.2010188277,0.1906654875,0.1292004835
16.7167167167,0.7984403892,0.0000132380,0.2015463727,0.1956992759,0.1319078437
16.8168168168,0.7979154434,0.0000132059,0.2020713507,0.1921767529,0.1319078437
16.9169169169,0.7973930381,0.0000131738,0.2025937881,0.1921767529,0.1319078437
17.0170170170,0.7968731470,0.0000131422,0.2031137108,0.1969779779,0.1345935981
17.1171171171,0.7963557446,0.0000131109,0.2036311445,0.1934147089,0.1345935981
17.2172172172,0.7958408059,0.0000130797,0.2041461143,0.1899357415,0.1345935981
17.3173173173,0.7953283061,0.0000130486,0.2046586453,0.1899357415,0.1345935981
17.4174174174,0.7948182205,0.0000130180,0.2051687615,0.1950429961,0.1374547306
17.5175175175,0.7943105250,0.0000129877,0.2056764873,0.1915148455,0.1374547306
17.6176176176,0.7938051963,0.0000129574,0.2061818463,0.1963805894,0.1402909992
17.7177177177,0.7933022108,0.0000129272,0.2066848620,0.1963805894,0.1402909992
17.8178178178,0.7928015454,0.0000128976,0.2071855570,0.1928103830,0.1402909992
17.9179179179,0.7923031775,0.0000128681,0.2076839543,0.1974745031,0.1431147350
18.0180180180,0.7918070851,0.0000128386,0.2081800763,0.1974745031,0.1431147350
18.1181181181,0.7913132459,0.0000128095,0.2086739446,0.1938682535,0.1431147350
18.2182182182,0.7908216381,0.0000127808,0.2091655811,0.1903476643,0.1431147350
18.3183183183,0.7903322408,0.0000127520,0.2096550072,0.1903476643,0.1431147350
18.4184184184,0.7898450327,0.0000127234,0.2101422439,0.1953494779,0.1461358293
18.5185185185,0.7893599929,0.0000126953,0.2106273118,0.1917834743,0.1461358293
18.6186186186,0.7888771014,0.0000126672,0.2111102314,0.1965644729,0.1491380590
18.7187187187,0.7883963378,0.0000126392,0.2115910230,0.1965644729,0.1491380590
18.8188188188,0.7879176821,0.0000126117,0.2120697063,0.1929596054,0.1491380590
18.9189189189,0.7874411150,0.0000125842,0.2125463008,0.1975563603,0.1521335075
19.0190190190,0.7869666172,0.0000125567,0.2130208261,0.1975563603,0.1521335075
19.1191191191,0.7864941693,0.0000125298,0.2134933008,0.1939181576,0.1521335075
19.2192192192,0.7860237531,0.0000125029,0.2139637441,0.1903667204,0.1521335075
19.3193193193,0.7855553498,0.0000124761,0.2144321742,0.1903667204,0.1521335075
19.4194194194,0.7850889410,0.0000124497,0.2148986093,0.1953187348,0.1553462612
19.5195195195,0.7846245091,0.0000124232,0.2153630677,0.1953187348,0.1553462612
19.6196196196,0.7841620360,0.0000123970,0.2158255669,0.1917240526,0.1553462612
19.7197197197,0.7837015043,0.0000123712,0.2162861244,0.1964668838,0.1585438134
19.8198198198,0.7832428971,0.0000123452,0.2167447577,0.1964668838,0.1585438134
19.9199199199,0.7827861968,0.0000123197,0.2172014835,0.1928351884,0.1585438134
20.0200200200,0.7823313869,0.0000122943,0.2176563188,0.1974034418,0.1617384009
20.1201201201,0.7818784510,0.0000122688,0.2181092802,0.1974034418,0.1617384009
20.2202202202,0.7814273722,0.0000122438,0.2185603839,0.1937399982,0.1617384009
20.3203203203,0.7809781350,0.0000122188,0.2190096462,0.1937399982,0.1617384009
20.4204204204,0.7805307231,0.0000121940,0.2194570829,0.1901642911,0.1617384009
20.5205205205,0.7800851207,0.0000121695,0.2199027098,0.1950972458,0.1651695608
20.6206206206,0.7796413128,0.0000121448,0.2203465424,0.1950972458,0.1651695608
20.7207207207,0.7791992835,0.0000121206,0.2207885959,0.1914795656,0.1651695608
20.8208208208,0.7787590180,0.0000120965,0.2212288855,0.1962098675,0.1685878264
20.9209209209,0.7783205015,0.0000120724,0.2216674261,0.1962098675,0.1685878264
21.0210210210,0.7778837189,0.0000120487,0.2221042324,0.1925562747,0.1685878264
21.1211211211,0.7774486562,0.0000120248,0.2225393190,0.1925562747,0.1685878264
21.2212212212,0.7770152985,0.0000120014,0.2229727001,0.1971173295,0.1720058478
21.3213213213,0.7765836320,0.0000119780,0.2234043900,0.1971173295,0.1720058478
21.4214214214,0.7761536427,0.0000119547,0.2238344026,0.1934329506,0.1720058478
21.5215215215,0.7757253165,0.0000119318,0.2242627517,0.1898372117,0.1720058478
21.6216216216,0.7752986403,0.0000119086,0.2246894511,0.1898372117,0.1720058478
21.7217217217,0.7748736000,0.0000118860,0.2251145140,0.1947677037,0.1756798822
21.8218218218,0.7744501829,0.0000118632,0.2255379540,0.1947677037,0.1756798822
21.9219219219,0.7740283754,0.0000118407,0.2259597839,0.1911307643,0.1756798822
22.0220220220,0.7736081647,0.0000118184,0.2263800169,0.1958622977,0.1793425667
22.1221221221,0.7731895382,0.0000117960,0.2267986658,0.1958622977,0.1793425667
22.2222222222,0.7727724829,0.0000117741,0.2272157431,0.1921901304,0.1793425667
22.3223223223,0.7723569867,0.0000117519,0.2276312614,0.1921901304,0.1793425667
22.4224224224,0.7719430367,0.0000117303,0.2280452331,0.1967553362,0.1830071407
22.5225225225,0.7715306213,0.0000117083,0.2284576704,0.1967553362,0.1830071407
22.6226226226,0.7711197279,0.0000116869,0.2288685851,0.1930530003,0.1830071407
22.7227227227,0.7707103452,0.0000116653,0.2292779895,0.1930530003,0.1830071407
22.8228228228,0.7703024608,0.0000116441,0.2296858951,0.1974795293,0.1866851615
22.9229229229,0.7698960636,0.0000116228,0.2300923136,0.1974795293,0.1866851615
23.0230230230,0.7694911418,0.0000116018,0.2304972564,0.1937513030,0.1866851615
23.1231231231,0.7690876841,0.0000115809,0.2309007350,0.1901134809,0.1866851615
23.2232232232,0.7686856794,0.0000115600,0.2313027606,0.1901134809,0.1866851615
23.3233233233,0.7682851164,0.0000115394,0.2317033442,0.1949393737,0.1906555765
23.4234234234,0.7678859845,0.0000115186,0.2321024968,0.1949393737,0.1906555765
23.5235235235,0.7674882724,0.0000114984,0.2325002292,0.1912642726,0.1906555765
23.6236236236,0.7670919700,0.0000114778,0.2328965522,0.1912642726,0.1906555765
23.7237237237,0.7666970659,0.0000114578,0.2332914763,0.1959117604,0.1946238478
23.8238238238,0.7663035505,0.0000114374,0.2336850121,0.1959117604,0.1946238478
23.9239239239,0.7659114127,0.0000114177,0.2340771696,0.1922047987,0.1946238478
24.0240240240,0.7655206430,0.0000113975,0.2344679595,0.1922047987,0.1946238478
24.1241241241,0.7651312305,0.0000113780,0.2348573915,0.1967031521,0.1986030322
24.2242242242,0.7647431660,0.0000113581,0.2352454759,0.1967031521,0.1986030322
24.3243243243,0.7643564390,0.0000113388,0.2356322223,0.1929689221,0.1986030322
24.4244244244,0.7639710402,0.0000113191,0.2360176407,0.1929689221,0.1986030322
24.5245245245,0.7635869594,0.0000113000,0.2364017407,0.1973429111,0.2026045650
24.6246246246,0.7632041877,0.0000112805,0.2367845318,0.1973429111,0.2026045650
24.7247247247,0.7628227149,0.0000112616,0.2371660235,0.1935852999,0.2026045650
24.8248248248,0.7624425324,0.0000112424,0.2375462252,0.1935852999,0.2026045650
24.9249249249,0.7620636304,0.0000112237,0.2379251460,0.1899195261,0.2026045650
25.0250250250,0.7616860002,0.0000112046,0.2383027952,0.1899195261,0.2026045650
25.1251251251,0.7613096322,0.0000111862,0.2386791816,0.1947056384,0.2069327791
25.2252252252,0.7609345181,0.0000111673,0.2390543145,0.1947056384,0.2069327791
25.3253253253,0.7605606485,0.0000111490,0.2394282025,0.1910046038,0.2069327791
25.4254254254,0.7601880151,0.0000111304,0.2398008545,0.1910046038,0.2069327791
25.5255255255,0.7598166088,0.0000111123,0.2401722789,0.1956221600,0.2112647215
25.6256256256,0.7594464215,0.0000110939,0.2405424846,0.1956221600,0.2112647215
25.7257257257,0.7590774443,0.0000110760,0.2409114798,0.1918910310,0.2112647215
25.8258258258,0.7587096692,0.0000110578,0.2412792730,0.1918910310,0.2112647215
25.9259259259,0.7583430875,0.0000110400,0.2416458726,0.1963675436,0.2156138863
26.0260260260,0.7579776913,0.0000110221,0.2420112866,0.1963675436,0.2156138863
26.1261261261,0.7576134724,0.0000110043,0.2423755233,0.1963675436,0.2156138863
26.2262262262,0.7572504227,0.0000109867,0.2427385906,0.1926107046,0.2156138863
26.3263263263,0.7568885344,0.0000109691,0.2431004966,0.1926107046,0.2156138863
26.4264264264,0.7565277993,0.0000109518,0.2434612490,0.1969694575,0.2199921247
26.5265265265,0.7561682101,0.0000109342,0.2438208557,0.1969694575,0.2199921247
26.6266266266,0.7558097585,0.0000109171,0.2441793244,0.1931906250,0.2199921247
26.7267267267,0.7554524375,0.0000108997,0.2445366628,0.1931906250,0.2199921247
26.8268268268,0.7550962390,0.0000108828,0.2448928782,0.1974512520,0.2244098804
26.9269269269,0.7547411560,0.0000108656,0.2452479784,0.1974512520,0.2244098804
27.0270270270,0.7543871806,0.0000108488,0.2456019705,0.1936535742,0.2244098804
27.1271271271,0.7540343060,0.0000108319,0.2459548621,0.1936535742,0.2244098804
27.2272272272,0.7536825246,0.0000108151,0.2463066602,0.1936535742,0.2244098804
27.3273273273,0.7533318293,0.0000107985,0.2466573722,0.1899497599,0.2244098804
27.4274274274,0.7529822132,0.0000107818,0.2470070050,0.1899497599,0.2244098804
27.5275275275,0.7526336688,0.0000107655,0.2473555658,0.1946462887,0.2292056159
27.6276276276,0.7522861897,0.0000107488,0.2477030615,0.1946462887,0.2292056159
27.7277277277,0.7519397684,0.0000107327,0.2480494989,0.1909108616,0.2292056159
27.8278278278,0.7515943988,0.0000107163,0.2483948850,0.1909108616,0.2292056159
27.9279279279,0.7512500734,0.0000107002,0.2487392264,0.1954567484,0.2340167884
28.0280280280,0.7509067861,0.0000106840,0.2490825299,0.1954567484,0.2340167884
28.1281281281,0.7505645300,0.0000106679,0.2494248021,0.1954567484,0.2340167884
28.2282282282,0.7502232984,0.0000106521,0.2497660495,0.1916943972,0.2340167884
28.3283283283,0.7498830852,0.0000106360,0.2501062788,0.1916943972,0.2340167884
28.4284284284,0.7495438835,0.0000106204,0.2504454961,0.1961141216,0.2388569832
28.5285285285,0.7492056874,0.0000106046,0.2507837081,0.1961141216,0.2388569832
28.6286286286,0.7488684901,0.0000105890,0.2511209209,0.1923288300,0.2388569832
28.7287287287,0.7485322858,0.0000105734,0.2514571408,0.1923288300,0.2388569832
28.8288288288,0.7481970681,0.0000105578,0.2517923741,0.1923288300,0.2388569832
28.9289289289,0.7478628307,0.0000105426,0.2521266267,0.1966430922,0.2437381838
29.0290290290,0.7475295680,0.0000105270,0.2524599050,0.1966430922,0.2437381838
29.1291291291,0.7471972734,0.0000105119,0.2527922147,0.1928382419,0.2437381838
29.2292292292,0.7468659414,0.0000104966,0.2531235620,0.1928382419,0.2437381838
29.3293293293,0.7465355660,0.0000104814,0.2534539526,0.1928382419,0.2437381838
29.4294294294,0.7462061410,0.0000104665,0.2537833925,0.1970644882,0.2486710030
29.5295295295,0.7458776612,0.0000104513,0.2541118875,0.1970644882,0.2486710030
29.6296296296,0.7455501203,0.0000104366,0.2544394431,0.1932429491,0.2486710030
29.7297297297,0.7452235130,0.0000104216,0.2547660653,0.1932429491,0.2486710030
29.8298298298,0.7448978336,0.0000104068,0.2550917596,0.1932429491,0.2486710030
29.9299299299,0.7445730763,0.0000103922,0.2554165316,0.1973958423,0.2536648855
30.0300300300,0.7442492359,0.0000103774,0.2557403868,0.1973958423,0.2536648855
30.1301301301,0.7439263065,0.0000103629,0.2560633306,0.1935600509,0.2536648855
30.2302302302,0.7436042831,0.0000103484,0.2563853686,0.1935600509,0.2536648855
30.3303303303,0.7432831601,0.0000103338,0.2567065061,0.1935600509,0.2536648855
30.4304304304,0.7429629321,0.0000103196,0.2570267484,0.1898204316,0.2536648855
30.5305305305,0.7426435941,0.0000103051,0.2573461008,0.1898204316,0.2536648855
30.6306306306,0.7423251405,0.0000102910,0.2576645686,0.1944297521,0.2591041789
30.7307307307,0.7420075664,0.0000102767,0.2579821569,0.1944297521,0.2591041789
30.8308308308,0.7416908666,0.0000102625,0.2582988709,0.1944297521,0.2591041789
30.9309309309,0.7413750358,0.0000102486,0.2586147156,0.1906622372,0.2591041789
31.0310310310,0.7410600693,0.0000102345,0.2589296962,0.1906622372,0.2591041789
31.1311311311,0.7407459618,0.0000102206,0.2592438176,0.1951381588,0.2645738270
31.2312312312,0.7404327085,0.0000102067,0.2595570848,0.1951381588,0.2645738270
31.3313313313,0.7401203045,0.0000101928,0.2598695027,0.1951381588,0.2645738270
31.4314314314,0.7398087447,0.0000101792,0.2601810761,0.1913469777,0.2645738270
31.5315315315,0.7394980246,0.0000101654,0.2604918100,0.1913469777,0.2645738270
31.6316316316,0.7391881392,0.0000101517,0.2608017091,0.1913469777,0.2645738270
31.7317317317,0.7388790837,0.0000101382,0.2611107781,0.1957109863,0.2700877132
31.8318318318,0.7385708536,0.0000101246,0.2614190218,0.1957109863,0.2700877132
31.9319319319,0.7382634441,0.0000101112,0.2617264447,0.1918997383,0.2700877132
32.0320320320,0.7379568506,0.0000100978,0.2620330516,0.1918997383,0.2700877132
32.1321321321,0.7376510686,0.0000100843,0.2623388471,0.1918997383,0.2700877132
32.2322322322,0.7373460933,0.0000100712,0.2626438356,0.1961699943,0.2756581524
32.3323323323,0.7370419205,0.0000100579,0.2629480216,0.1961699943,0.2756581524
32.4324324324,0.7367385456,0.0000100446,0.2632514097,0.1961699943,0.2756581524
32.5325325325,0.7364359641,0.0000100316,0.2635540043,0.1923417410,0.2756581524
32.6326326326,0.7361341718,0.0000100185,0.2638558097,0.1923417410,0.2756581524
32.7327327327,0.7358331642,0.0000100054,0.2641568304,0.1923417410,0.2756581524
32.8328328328,0.7355329369,0.0000099926,0.2644570705,0.1965335468,0.2812961177
32.9329329329,0.7352334859,0.0000099796,0.2647565345,0.1965335468,0.2812961177
33.0330330330,0.7349348067,0.0000099668,0.2650552265,0.1926908928,0.2812961177
33.1331331331,0.7346368952,0.0000099540,0.2653531508,0.1926908928,0.2812961177
33.2332332332,0.7343397473,0.0000099412,0.2656503116,0.1926908928,0.2812961177
33.3333333333,0.7340433585,0.0000099286,0.2659467129,0.1968171093,0.2870114408
33.4334334334,0.7337477252,0.0000099159,0.2662423589,0.1968171093,0.2870114408
33.5335335335,0.7334528431,0.0000099032,0.2665372537,0.1968171093,0.2870114408
33.6336336336,0.7331587080,0.0000098908,0.2668314012,0.1929622716,0.2870114408
33.7337337337,0.7328653162,0.0000098783,0.2671248056,0.1929622716,0.2870114408
33.8338338338,0.7325726635,0.0000098658,0.2674174707,0.1929622716,0.2870114408
33.9339339339,0.7322807460,0.0000098535,0.2677094005,0.1970336835,0.2928129855
34.0340340340,0.7319895599,0.0000098411,0.2680005990,0.1970336835,0.2928129855
34.1341341341,0.7316991013,0.0000098288,0.2682910699,0.1970336835,0.2928129855
34.2342342342,0.7314093662,0.0000098167,0.2685808172,0.1931685518,0.2928129855
34.3343343343,0.7311203510,0.0000098044,0.2688698446,0.1931685518,0.2928129855
34.4344344344,0.7308320518,0.0000097922,0.2691581560,0.1931685518,0.2928129855
34.5345345345,0.7305444648,0.0000097803,0.2694457550,0.1971941849,0.2987087989
34.6346346346,0.7302575864,0.0000097681,0.2697326454,0.1971941849,0.2987087989
34.7347347347,0.7299714129,0.0000097561,0.2700188309,0.1971941849,0.2987087989
34.8348348348,0.7296859405,0.0000097443,0.2703043152,0.1933203726,0.2987087989
34.9349349349,0.7294011658,0.0000097323,0.2705891019,0.1933203726,0.2987087989
35.0350350350,0.7291170850,0.0000097204,0.2708731946,0.1933203726,0.2987087989
35.1351351351,0.7288336945,0.0000097087,0.2711565968,0.1973077670,0.3047062422
35.2352352352,0.7285509909,0.0000096969,0.2714393122,0.1973077670,0.3047062422
35.3353353353,0.7282689707,0.0000096852,0.2717213441,0.1973077670,0.3047062422
35.4354354354,0.7279876302,0.0000096736,0.2720026962,0.1934266549,0.3047062422
35.5355355355,0.7277069661,0.0000096619,0.2722833720,0.1934266549,0.3047062422
35.6356356356,0.7274269750,0.0000096503,0.2725633747,0.1934266549,0.3047062422
35.7357357357,0.7271476533,0.0000096389,0.2728427079,0.1973820987,0.3108121035
35.8358358358,0.7268689978,0.0000096273,0.2731213749,0.1973820987,0.3108121035
35.9359359359,0.7265910051,0.0000096159,0.2733993790,0.1973820987,0.3108121035
36.0360360360,0.7263136717,0.0000096045,0.2736767237,0.1934948719,0.3108121035
36.1361361361,0.7260369946,0.0000095932,0.2739534123,0.1934948719,0.3108121035
36.2362362362,0.7257609703,0.0000095818,0.2742294479,0.1934948719,0.3108121035
36.3363363363,0.7254855956,0.0000095706,0.2745048338,0.1974236005,0.3170326952
36.4364364364,0.7252108672,0.0000095594,0.2747795734,0.1974236005,0.3170326952
36.5365365365,0.7249367821,0.0000095481,0.2750536698,0.1974236005,0.3170326952
36.6366366366,0.7246633369,0.0000095370,0.2753271261,0.1935312802,0.3170326952
36.7367367367,0.7243905285,0.0000095259,0.2755999456,0.1935312802,0.3170326952
36.8368368368,0.7241183538,0.0000095148,0.2758721313,0.1935312802,0.3170326952
36.9369369369,0.7238468097,0.0000095039,0.2761436864,0.1974376449,0.3233739372
37.0370370370,0.7235758931,0.0000094929,0.2764146140,0.1974376449,0.3233739372
37.1371371371,0.7233056009,0.0000094819,0.2766849171,0.1974376449,0.3233739372
37.2372372372,0.7230359302,0.0000094710,0.2769545988,0.1974376449,0.3233739372
37.3373373373,0.7227668777,0.0000094602,0.2772236621,0.1935411140,0.3233739372
37.4374374374,0.7224984407,0.0000094494,0.2774921099,0.1935411140,0.3233739372
37.5375375375,0.7222306161,0.0000094386,0.2777599453,0.1935411140,0.3233739372
37.6376376376,0.7219634008,0.0000094279,0.2780271712,0.1974287251,0.3298414292
37.7377377377,0.7216967922,0.0000094172,0.2782937906,0.1974287251,0.3298414292
37.8378378378,0.7214307871,0.0000094065,0.2785598063,0.1974287251,0.3298414292
37.9379379379,0.7211653828,0.0000093959,0.2788252213,0.1935287514,0.3298414292
38.0380380380,0.7209005763,0.0000093854,0.2790900383,0.1935287514,0.3298414292
38.1381381381,0.7206363649,0.0000093748,0.2793542603,0.1935287514,0.3298414292
38.2382382382,0.7203727457,0.0000093643,0.2796178900,0.1935287514,0.3298414292
38.3383383383,0.7201097158,0.0000093539,0.2798809304,0.1974005976,0.3364405123
38.4384384384,0.7198472725,0.0000093434,0.2801433840,0.1974005976,0.3364405123
38.5385385385,0.7195854131,0.0000093330,0.2804052538,0.1974005976,0.3364405123
38.6386386386,0.7193241348,0.0000093227,0.2806665425,0.1934978519,0.3364405123
38.7387387387,0.7190634349,0.0000093124,0.2809272527,0.1934978519,0.3364405123
38.8388388388,0.7188033106,0.0000093021,0.2811873872,0.1934978519,0.3364405123
38.9389389389,0.7185437594,0.0000092919,0.2814469487,0.1973564026,0.3431763221
39.0390390390,0.7182847785,0.0000092817,0.2817059399,0.1973564026,0.3431763221
39.1391391391,0.7180263652,0.0000092715,0.2819643633,0.1973564026,0.3431763221
39.2392392392,0.7177685170,0.0000092614,0.2822222216,0.1973564026,0.3431763221
39.3393393393,0.7175112313,0.0000092513,0.2824795174,0.1934514746,0.3431763221
39.4394394394,0.7172545054,0.0000092412,0.2827362534,0.1934514746,0.3431763221
39.5395395395,0.7169983368,0.0000092312,0.2829924320,0.1934514746,0.3431763221
39.6396396396,0.7167427230,0.0000092212,0.2832480558,0.1972987638,0.3500538344
39.7397397397,0.7164876613,0.0000092113,0.2835031275,0.1972987638,0.3500538344
39.8398398398,0.7162331493,0.0000092014,0.2837576494,0.1972987638,0.3500538344
39.9399399399,0.7159791845,0.0000091915,0.2840116241,0.1972987638,0.3500538344
40.0400400400,0.7157257644,0.0000091816,0.2842650540,0.1933921756,0.3500538344
40.1401401401,0.7154728865,0.0000091718,0.2845179417,0.1933921756,0.3500538344
40.2402402402,0.7152205484,0.0000091620,0.2847702896,0.1933921756,0.3500538344
40.3403403403,0.7149687477,0.0000091522,0.2850221001,0.1972298736,0.3570779046
40.4404404404,0.7147174818,0.0000091425,0.2852733756,0.1972298736,0.3570779046
40.5405405405,0.7144667485,0.0000091329,0.2855241186,0.1972298736,0.3570779046
40.6406406406,0.7142165454,0.0000091232,0.2857743314,0.1972298736,0.3570779046
40.7407407407,0.7139668701,0.0000091136,0.2860240163,0.1933220906,0.3570779046
40.8408408408,0.7137177202,0.0000091040,0.2862731758,0.1933220906,0.3570779046
40.9409409409,0.7134690934,0.0000090945,0.2865218121,0.1933220906,0.3570779046
41.0410410410,0.7132209875,0.0000090849,0.2867699276,0.1971515637,0.3642533018
41.1411411411,0.7129734000,0.0000090754,0.2870175246,0.1971515637,0.3642533018
41.2412412412,0.7127263286,0.0000090660,0.2872646053,0.1971515637,0.3642533018
41.3413413413,0.7124797713,0.0000090566,0.2875111721,0.1971515637,0.3642533018
41.4414414414,0.7122337257,0.0000090471,0.2877572272,0.1932430037,0.3642533018
41.5415415415,0.7119881894,0.0000090378,0.2880027728,0.1932430037,0.3642533018
41.6416416416,0.7117431604,0.0000090285,0.2882478111,0.1932430037,0.3642533018
41.7417417417,0.7114986364,0.0000090192,0.2884923444,0.1970653639,0.3715847379
41.8418418418,0.7112546152,0.0000090099,0.2887363749,0.1970653639,0.3715847379
41.9419419419,0.7110110946,0.0000090007,0.2889799047,0.1970653639,0.3715847379
42.0420420420,0.7107680725,0.0000089915,0.2892229360,0.1970653639,0.3715847379
42.1421421421,0.7105255468,0.0000089823,0.2894654710,0.1931564052,0.3715847379
42.2422422422,0.7102835151,0.0000089731,0.2897075117,0.1931564052,0.3715847379
42.3423423423,0.7100419755,0.0000089641,0.2899490604,0.1931564052,0.3715847379
42.4424424424,0.7098009259,0.0000089550,0.2901901191,0.1931564052,0.3715847379
42.5425425425,0.7095603642,0.0000089458,0.2904306900,0.1969725522,0.3790768929
42.6426426426,0.7093202881,0.0000089369,0.2906707750,0.1969725522,0.3790768929
42.7427427427,0.7090806958,0.0000089279,0.2909103763,0.1969725522,0.3790768929
42.8428428428,0.7088415851,0.0000089189,0.2911494959,0.1969725522,0.3790768929
42.9429429429,0.7086029541,0.0000089099,0.2913881360,0.1930635401,0.3790768929
43.0430430430,0.7083648006,0.0000089011,0.2916262984,0.1930635401,0.3790768929
43.1431431431,0.7081271226,0.0000088923,0.2918639852,0.1930635401,0.3790768929
43.2432432432,0.7078899183,0.0000088833,0.2921011984,0.1968741959,0.3867344376
43.3433433433,0.7076531855,0.0000088744,0.2923379400,0.1968741959,0.3867344376
43.4434434434,0.7074169222,0.0000088657,0.2925742121,0.1968741959,0.3867344376
43.5435435435,0.7071811266,0.0000088570,0.2928100164,0.1968741959,0.3867344376
43.6436436436,0.7069457968,0.0000088482,0.2930453550,0.1929654480,0.3867344376
43.7437437437,0.7067109307,0.0000088394,0.2932802299,0.1929654480,0.3867344376
43.8438438438,0.7064765262,0.0000088308,0.2935146430,0.1929654480,0.3867344376
43.9439439439,0.7062425817,0.0000088222,0.2937485960,0.1929654480,0.3867344376
44.0440440440,0.7060090954,0.0000088134,0.2939820911,0.1967711862,0.3945620524
44.1441441441,0.7057760651,0.0000088048,0.2942151301,0.1967711862,0.3945620524
44.2442442442,0.7055434889,0.0000087964,0.2944477147,0.1967711862,0.3945620524
44.3443443443,0.7053113651,0.0000087879,0.2946798470,0.1967711862,0.3945620524
44.4444444444,0.7050796920,0.0000087792,0.2949115288,0.1928629970,0.3945620524
44.5445445445,0.7048484675,0.0000087707,0.2951427618,0.1928629970,0.3945620524
44.6446446446,0.7046176897,0.0000087623,0.2953735480,0.1928629970,0.3945620524
44.7447447447,0.7043873570,0.0000087539,0.2956038891,0.1928629970,0.3945620524
44.8448448448,0.7041574677,0.0000087453,0.2958337870,0.1966642674,0.4025644446
44.9449449449,0.7039280196,0.0000087370,0.2960632434,0.1966642674,0.4025644446
45.0450450450,0.7036990111,0.0000087287,0.2962922602,0.1966642674,0.4025644446
45.1451451451,0.7034704405,0.0000087204,0.2965208391,0.1966642674,0.4025644446
45.2452452452,0.7032423062,0.0000087119,0.2967489819,0.1927569122,0.4025644446
45.3453453453,0.7030146061,0.0000087036,0.2969766903,0.1927569122,0.4025644446
45.4454454454,0.7027873384,0.0000086955,0.2972039660,0.1927569122,0.4025644446
45.5455455455,0.7025605017,0.0000086873,0.2974308109,0.1927569122,0.4025644446
45.6456456456,0.7023340944,0.0000086789,0.2976572266,0.1965540608,0.4107463630
45.7457457457,0.7021081144,0.0000086707,0.2978832149,0.1965540608,0.4107463630
45.8458458458,0.7018825600,0.0000086627,0.2981087773,0.1965540608,0.4107463630
45.9459459459,0.7016574296,0.0000086547,0.2983339157,0.1965540608,0.4107463630
46.0460460460,0.7014327219,0.0000086463,0.2985586317,0.1926477988,0.4107463630
46.1461461461,0.7012084348,0.0000086382,0.2987829270,0.1926477988,0.4107463630
46.2462462462,0.7009845665,0.0000086303,0.2990068032,0.1926477988,0.4107463630
46.3463463463,0.7007611157,0.0000086224,0.2992302619,0.1926477988,0.4107463630
46.4464464464,0.7005380810,0.0000086141,0.2994533049,0.1964410849,0.4191126113
46.5465465465,0.7003154602,0.0000086061,0.2996759337,0.1964410849,0.4191126113
46.6466466466,0.7000932517,0.0000085983,0.2998981500,0.1964410849,0.4191126113
46.7467467467,0.6998714542,0.0000085904,0.3001199553,0.1964410849,0.4191126113
46.8468468468,0.6996500663,0.0000085824,0.3003413514,0.1964410849,0.4191126113
46.9469469469,0.6994290860,0.0000085743,0.3005623397,0.1925361621,0.4191126113
47.0470470470,0.6992085117,0.0000085666,0.3007829218,0.1925361621,0.4191126113
47.1471471471,0.6989883418,0.0000085589,0.3010030993,0.1925361621,0.4191126113
47.2472472472,0.6987685752,0.0000085510,0.3012228738,0.1925361621,0.4191126113
47.3473473473,0.6985492102,0.0000085429,0.3014422469,0.1963257726,0.4276680600
47.4474474474,0.6983302448,0.0000085353,0.3016612199,0.1963257726,0.4276680600
47.5475475475,0.6981116777,0.0000085277,0.3018797946,0.1963257726,0.4276680600
47.6476476476,0.6978935076,0.0000085200,0.3020979724,0.1963257726,0.4276680600
47.7477477477,0.6976757331,0.0000085120,0.3023157550,0.1924224237,0.4276680600
47.8478478478,0.6974583521,0.0000085043,0.3025331436,0.1924224237,0.4276680600
47.9479479479,0.6972413633,0.0000084968,0.3027501398,0.1924224237,0.4276680600
48.0480480480,0.6970247655,0.0000084893,0.3029667452,0.1924224237,0.4276680600
48.1481481481,0.6968085573,0.0000084814,0.3031829613,0.1962084848,0.4364176571
48.2482482482,0.6965927369,0.0000084737,0.3033987894,0.1962084848,0.4364176571
48.3483483483,0.6963773026,0.0000084663,0.3036142311,0.1962084848,0.4364176571
48.4484484484,0.6961622533,0.0000084589,0.3038292877,0.1962084848,0.4364176571
48.5485485485,0.6959475879,0.0000084512,0.3040439609,0.1962084848,0.4364176571
48.6486486486,0.6957333045,0.0000084435,0.3042582520,0.1923069352,0.4364176571
48.7487487487,0.6955194015,0.0000084361,0.3044721624,0.1923069352,0.4364176571
48.8488488488,0.6953058777,0.0000084289,0.3046856935,0.1923069352,0.4364176571
48.9489489489,0.6950927319,0.0000084214,0.3048988467,0.1923069352,0.4364176571
49.0490490490,0.6948799627,0.0000084136,0.3051116236,0.1960895226,0.4453664374
49.1491491491,0.6946675683,0.0000084063,0.3053240255,0.1960895226,0.4453664374
49.2492492492,0.6944555473,0.0000083991,0.3055360536,0.1960895226,0.4453664374
49.3493493493,0.6942438986,0.0000083919,0.3057477095,0.1960895226,0.4453664374
49.4494494494,0.6940326211,0.0000083843,0.3059589946,0.1921899898,0.4453664374
49.5495495495,0.6938217131,0.0000083768,0.3061699101,0.1921899898,0.4453664374
49.6496496496,0.6936111729,0.0000083696,0.3063804575,0.1921899898,0.4453664374
49.7497497497,0.6934009994,0.0000083626,0.3065906380,0.1921899898,0.4453664374
49.8498498498,0.6931911917,0.0000083553,0.3068004531,0.1921899898,0.4453664374
49.9499499499,0.6929817483,0.0000083477,0.3070099041,0.1959691367,0.4545195315
50.0500500501,0.6927726673,0.0000083405,0.3072189922,0.1959691367,0.4545195315
50.1501501502,0.6925639476,0.0000083335,0.3074277188,0.1959691367,0.4545195315
50.2502502503,0.6923555882,0.0000083265,0.3076360853,0.1959691367,0.4545195315
50.3503503504,0.6921475880,0.0000083190,0.3078440930,0.1920718320,0.4545195315
50.4504504505,0.6919399452,0.0000083117,0.3080517431,0.1920718320,0.4545195315
50.5505505506,0.6917326584,0.0000083048,0.3082590369,0.1920718320,0.4545195315
50.6506506507,0.6915257265,0.0000082979,0.3084659756,0.1920718320,0.4545195315
50.7507507508,0.6913191485,0.0000082908,0.3086725607,0.1920718320,0.4545195315
50.8508508509,0.6911129232,0.0000082833,0.3088787934,0.1958475361,0.4638821742
50.9509509510,0.6909070488,0.0000082763,0.3090846749,0.1958475361,0.4638821742
51.0510510511,0.6907015240,0.0000082695,0.3092902065,0.1958475361,0.4638821742
51.1511511512,0.6904963480,0.0000082627,0.3094953893,0.1958475361,0.4638821742
51.2512512513,0.6902915197,0.0000082555,0.3097002248,0.1958475361,0.4638821742
51.3513513514,0.6900870376,0.0000082482,0.3099047141,0.1919526652,0.4638821742
51.4514514515,0.6898829002,0.0000082414,0.3101088584,0.1919526652,0.4638821742
51.5515515516,0.6896791063,0.0000082348,0.3103126590,0.1919526652,0.4638821742
51.6516516517,0.6894756551,0.0000082279,0.3105161170,0.1919526652,0.4638821742
51.7517517518,0.6892725456,0.0000082206,0.3107192338,0.1957248944,0.4734597113
51.8518518519,0.6890697759,0.0000082136,0.3109220104,0.1957248944,0.4734597113
51.9519519520,0.6888673449,0.0000082070,0.3111244481,0.1957248944,0.4734597113
52.0520520521,0.6886652515,0.0000082004,0.3113265480,0.1957248944,0.4734597113
52.1521521522,0.6884634949,0.0000081936,0.3115283115,0.1957248944,0.4734597113
52.2522522523,0.6882620741,0.0000081863,0.3117297396,0.1918326587,0.4734597113
52.3523523524,0.6880609870,0.0000081796,0.3119308335,0.1918326587,0.4734597113
52.4524524525,0.6878602326,0.0000081731,0.3121315943,0.1918326587,0.4734597113
52.5525525526,0.6876598102,0.0000081666,0.3123320232,0.1918326587,0.4734597113
52.6526526527,0.6874597189,0.0000081596,0.3125321215,0.1918326587,0.4734597113
52.7527527528,0.6872599573,0.0000081525,0.3127318902,0.1956013561,0.4832576077
52.8528528529,0.6870605237,0.0000081459,0.3129313304,0.1956013561,0.4832576077
52.9529529530,0.6868614171,0.0000081396,0.3131304433,0.1956013561,0.4832576077
53.0530530531,0.6866626369,0.0000081331,0.3133292300,0.1956013561,0.4832576077
53.1531531532,0.6864641821,0.0000081261,0.3135276918,0.1956013561,0.4832576077
53.2532532533,0.6862660512,0.0000081192,0.3137258296,0.1917119529,0.4832576077
53.3533533534,0.6860682428,0.0000081127,0.3139236445,0.1917119529,0.4832576077
53.4534534535,0.6858707559,0.0000081065,0.3141211377,0.1917119529,0.4832576077
53.5535535536,0.6856735897,0.0000081000,0.3143183102,0.1917119529,0.4832576077
53.6536536537,0.6854767436,0.0000080930,0.3145151633,0.1954770410,0.4932814531
53.7537537538,0.6852802158,0.0000080863,0.3147116980,0.1954770410,0.4932814531
53.8538538539,0.6850840048,0.0000080800,0.3149079152,0.1954770410,0.4932814531
53.9539539540,0.6848881101,0.0000080738,0.3151038161,0.1954770410,0.4932814531
54.0540540541,0.6846925308,0.0000080674,0.3152994018,0.1954770410,0.4932814531
54.1541541542,0.6844972661,0.0000080605,0.3154946734,0.1915906647,0.4932814531
54.2542542543,0.6843023142,0.0000080538,0.3156896319,0.1915906647,0.4932814531
54.3543543544,0.6841076740,0.0000080476,0.3158842783,0.1915906647,0.4932814531
54.4544544545,0.6839133447,0.0000080415,0.3160786137,0.1915906647,0.4932814531
54.5545545546,0.6837193256,0.0000080352,0.3162726392,0.1915906647,0.4932814531
54.6546546547,0.6835256159,0.0000080283,0.3164663558,0.1953520483,0.5035369692
54.7547547548,0.6833322137,0.0000080217,0.3166597646,0.1953520483,0.5035369692
54.8548548549,0.6831391180,0.0000080157,0.3168528663,0.1953520483,0.5035369692
54.9549549550,0.6829463280,0.0000080097,0.3170456623,0.1953520483,0.5035369692
55.0550550551,0.6827538431,0.0000080034,0.3172381534,0.1953520483,0.5035369692
55.1551551552,0.6825616626,0.0000079966,0.3174303409,0.1914688905,0.5035369692
55.2552552553,0.6823697845,0.0000079901,0.3176222255,0.1914688905,0.5035369692
55.3553553554,0.6821782077,0.0000079841,0.3178138082,0.1914688905,0.5035369692
55.4554554555,0.6819869317,0.0000079782,0.3180050901,0.1914688905,0.5035369692
55.5555555556,0.6817959558,0.0000079720,0.3181960722,0.1914688905,0.5035369692
55.6556556557,0.6816052792,0.0000079653,0.3183867555,0.1952264600,0.5140300155
55.7557557558,0.6814149002,0.0000079588,0.3185771410,0.1952264600,0.5140300155
55.8558558559,0.6812248176,0.0000079529,0.3187672295,0.1952264600,0.5140300155
55.9559559560,0.6810350308,0.0000079471,0.3189570221,0.1952264600,0.5140300155
56.0560560561,0.6808455391,0.0000079410,0.3191465198,0.1952264600,0.5140300155
56.1561561562,0.6806563420,0.0000079344,0.3193357236,0.1913467101,0.5140300155
56.2562562563,0.6804674377,0.0000079279,0.3195246344,0.1913467101,0.5140300155
56.3563563564,0.6802788249,0.0000079220,0.3197132530,0.1913467101,0.5140300155
56.4564564565,0.6800905032,0.0000079163,0.3199015805,0.1913467101,0.5140300155
56.5565565566,0.6799024718,0.0000079104,0.3200896178,0.1913467101,0.5140300155
56.6566566567,0.6797147301,0.0000079040,0.3202773659,0.1913467101,0.5140300155
56.7567567568,0.6795272768,0.0000078974,0.3204648258,0.1951003436,0.5247665954
56.8568568569,0.6793401103,0.0000078916,0.3206519982,0.1951003436,0.5247665954
56.9569569570,0.6791532300,0.0000078859,0.3208388840,0.1951003436,0.5247665954
57.0570570571,0.6789666354,0.0000078802,0.3210254844,0.1951003436,0.5247665954
57.1571571572,0.6787803259,0.0000078740,0.3212118002,0.1951003436,0.5247665954
57.2572572573,0.6785943003,0.0000078674,0.3213978323,0.1912241890,0.5247665954
57.3573573574,0.6784085570,0.0000078614,0.3215835815,0.1912241890,0.5247665954
57.4574574575,0.6782230953,0.0000078559,0.3217690488,0.1912241890,0.5247665954
57.5575575576,0.6780379147,0.0000078503,0.3219542350,0.1912241890,0.5247665954
57.6576576577,0.6778530145,0.0000078443,0.3221391412,0.1912241890,0.5247665954
57.7577577578,0.6776683941,0.0000078377,0.3223237682,0.1949737547,0.5357528621
57.8578578579,0.6774840515,0.0000078317,0.3225081168,0.1949737547,0.5357528621
57.9579579580,0.6772999860,0.0000078261,0.3226921879,0.1949737547,0.5357528621
58.0580580581,0.6771161970,0.0000078207,0.3228759824,0.1949737547,0.5357528621
58.1581581582,0.6769326839,0.0000078149,0.3230595011,0.1949737547,0.5357528621
58.2582582583,0.6767494464,0.0000078085,0.3232427451,0.1911013811,0.5357528621
58.3583583584,0.6765664826,0.0000078023,0.3234257151,0.1911013811,0.5357528621
58.4584584585,0.6763837914,0.0000077967,0.3236084118,0.1911013811,0.5357528621
58.5585585586,0.6762013723,0.0000077914,0.3237908363,0.1911013811,0.5357528621
58.6586586587,0.6760192248,0.0000077859,0.3239729893,0.1911013811,0.5357528621
58.7587587588,0.6758373484,0.0000077798,0.3241548718,0.1911013811,0.5357528621
58.8588588589,0.6756557420,0.0000077734,0.3243364846,0.1948467385,0.5469951243
58.9589589590,0.6754744039,0.0000077677,0.3245178284,0.1948467385,0.5469951243
59.0590590591,0.6752933336,0.0000077624,0.3246989041,0.1948467385,0.5469951243
59.1591591592,0.6751125305,0.0000077570,0.3248797125,0.1948467385,0.5469951243
59.2592592593,0.6749319941,0.0000077513,0.3250602545,0.1948467385,0.5469951243
59.3593593594,0.6747517240,0.0000077449,0.3252405311,0.1909783302,0.5469951243
59.4594594595,0.6745717182,0.0000077390,0.3254205428,0.1909783302,0.5469951243
59.5595595596,0.6743919759,0.0000077336,0.3256002904,0.1909783302,0.5469951243
59.6596596597,0.6742124966,0.0000077285,0.3257797749,0.1909783302,0.5469951243
59.7597597598,0.6740332799,0.0000077231,0.3259589971,0.1909783302,0.5469951243
59.8598598599,0.6738543252,0.0000077170,0.3261379578,0.1909783302,0.5469951243
59.9599599600,0.6736756315,0.0000077108,0.3263166577,0.1947193319,0.5584998524
60.0600600601,0.6734971971,0.0000077053,0.3264950977,0.1947193319,0.5584998524
60.1601601602,0.6733190215,0.0000077001,0.3266732784,0.1947193319,0.5584998524
60.2602602603,0.6731411043,0.0000076950,0.3268512007,0.1947193319,0.5584998524
60.3603603604,0.6729634451,0.0000076894,0.3270288655,0.1947193319,0.5584998524
60.4604604605,0.6727860432,0.0000076831,0.3272062736,0.1908550719,0.5584998524
60.5605605606,0.6726088971,0.0000076773,0.3273834256,0.1908550719,0.5584998524
60.6606606607,0.6724320057,0.0000076721,0.3275603223,0.1908550719,0.5584998524
60.7607607608,0.6722553685,0.0000076670,0.3277369644,0.1908550719,0.5584998524
60.8608608609,0.6720789853,0.0000076618,0.3279133529,0.1908550719,0.5584998524
60.9609609610,0.6719028555,0.0000076561,0.3280894884,0.1908550719,0.5584998524
61.0610610611,0.6717269783,0.0000076498,0.3282653718,0.1945915645,0.5702736836
61.1611611612,0.6715513519,0.0000076443,0.3284410037,0.1945915645,0.5702736836
61.2612612613,0.6713759758,0.0000076393,0.3286163848,0.1945915645,0.5702736836
61.3613613614,0.6712008496,0.0000076344,0.3287915160,0.1945915645,0.5702736836
61.4614614615,0.6710259729,0.0000076291,0.3289663980,0.1945915645,0.5702736836
61.5615615616,0.6708513453,0.0000076231,0.3291410316,0.1945915645,0.5702736836
61.6616616617,0.6706769653,0.0000076171,0.3293154175,0.1907316348,0.5702736836
61.7617617618,0.6705028317,0.0000076119,0.3294895564,0.1907316348,0.5702736836
61.8618618619,0.6703289441,0.0000076070,0.3296634489,0.1907316348,0.5702736836
61.9619619620,0.6701553020,0.0000076021,0.3298370959,0.1907316348,0.5702736836
62.0620620621,0.6699819051,0.0000075967,0.3300104982,0.1907316348,0.5702736836
62.1621621622,0.6698087530,0.0000075906,0.3301836565,0.1944634601,0.5823234283
62.2622622623,0.6696358438,0.0000075849,0.3303565713,0.1944634601,0.5823234283
62.3623623624,0.6694631766,0.0000075799,0.3305292435,0.1944634601,0.5823234283
62.4624624625,0.6692907512,0.0000075751,0.3307016736,0.1944634601,0.5823234283
62.5625625626,0.6691185672,0.0000075702,0.3308738626,0.1944634601,0.5823234283
62.6626626627,0.6689466241,0.0000075648,0.3310458111,0.1944634601,0.5823234283
62.7627627628,0.6687749215,0.0000075586,0.3312175199,0.1906080413,0.5823234283
62.8628628629,0.6686034574,0.0000075532,0.3313889895,0.1906080413,0.5823234283
62.9629629630,0.6684322311,0.0000075483,0.3315602206,0.1906080413,0.5823234283
63.0630630631,0.6682612425,0.0000075436,0.3317312139,0.1906080413,0.5823234283
63.1631631632,0.6680904911,0.0000075387,0.3319019702,0.1906080413,0.5823234283
63.2632632633,0.6679199766,0.0000075332,0.3320724902,0.1906080413,0.5823234283
63.3633633634,0.6677496982,0.0000075271,0.3322427747,0.1943350372,0.5946560754
63.4634634635,0.6675796541,0.0000075219,0.3324128240,0.1943350372,0.5946560754
63.5635635636,0.6674098438,0.0000075171,0.3325826390,0.1943350372,0.5946560754
63.6636636637,0.6672402671,0.0000075125,0.3327522204,0.1943350372,0.5946560754
63.7637637638,0.6670709236,0.0000075076,0.3329215688,0.1943350372,0.5946560754
63.8638638639,0.6669018130,0.0000075021,0.3330906850,0.1943350372,0.5946560754
63.9639639640,0.6667329343,0.0000074961,0.3332595696,0.1904843093,0.5946560754
64.0640640641,0.6665642859,0.0000074910,0.3334282231,0.1904843093,0.5946560754
64.1641641642,0.6663958674,0.0000074863,0.3335966463,0.1904843093,0.5946560754
64.2642642643,0.6662276784,0.0000074818,0.3337648398,0.1904843093,0.5946560754
64.3643643644,0.6660597187,0.0000074769,0.3339328044,0.1904843093,0.5946560754
64.4644644645,0.6658919879,0.0000074714,0.3341005407,0.1904843093,0.5946560754
64.5645645646,0.6657244852,0.0000074655,0.3342680493,0.1942063103,0.6072787985
64.6646646647,0.6655572087,0.0000074604,0.3344353308,0.1942063103,0.6072787985
64.7647647648,0.6653901583,0.0000074559,0.3346023859,0.1942063103,0.6072787985
64.8648648649,0.6652233335,0.0000074514,0.3347692151,0.1942063103,0.6072787985
64.9649649650,0.6650567341,0.0000074467,0.3349358193,0.1942063103,0.6072787985
65.0650650651,0.6648903597,0.0000074412,0.3351021990,0.1942063103,0.6072787985
65.1651651652,0.6647242097,0.0000074353,0.3352683550,0.1903604523,0.6072787985
65.2652652653,0.6645582821,0.0000074303,0.3354342876,0.1903604523,0.6072787985
65.3653653654,0.6643925767,0.0000074258,0.3355999975,0.1903604523,0.6072787985
65.4654654655,0.6642270931,0.0000074214,0.3357654855,0.1903604523,0.6072787985
65.5655655656,0.6640618312,0.0000074167,0.3359307521,0.1903604523,0.6072787985
65.6656656657,0.6638967906,0.0000074114,0.3360957980,0.1903604523,0.6072787985
65.7657657658,0.6637319706,0.0000074055,0.3362606239,0.1940772902,0.6201989618
65.8658658659,0.6635673693,0.0000074005,0.3364252302,0.1940772902,0.6201989618
65.9659659660,0.6634029865,0.0000073960,0.3365896175,0.1940772902,0.6201989618
66.0660660661,0.6632388218,0.0000073917,0.3367537865,0.1940772902,0.6201989618
66.1661661662,0.6630748750,0.0000073872,0.3369177378,0.1940772902,0.6201989618
66.2662662663,0.6629111458,0.0000073821,0.3370814721,0.1940772902,0.6201989618
66.3663663664,0.6627476338,0.0000073762,0.3372449900,0.1902364802,0.6201989618
66.4664664665,0.6625843371,0.0000073711,0.3374082919,0.1902364802,0.6201989618
66.5665665666,0.6624212550,0.0000073666,0.3375713784,0.1902364802,0.6201989618
66.6666666667,0.6622583874,0.0000073624,0.3377342502,0.1902364802,0.6201989618
66.7667667668,0.6620957340,0.0000073580,0.3378969079,0.1902364802,0.6201989618
66.8668668669,0.6619332947,0.0000073531,0.3380593522,0.1902364802,0.6201989618
66.9669669670,0.6617710691,0.0000073473,0.3382215836,0.1939479849,0.6334241262
67.0670670671,0.6616090554,0.0000073420,0.3383836026,0.1939479849,0.6334241262
67.1671671672,0.6614472528,0.0000073375,0.3385454097,0.1939479849,0.6334241262
67.2672672673,0.6612856611,0.0000073333,0.3387070056,0.1939479849,0.6334241262
67.3673673674,0.6611242800,0.0000073291,0.3388683909,0.1939479849,0.6334241262
67.4674674675,0.6609631094,0.0000073245,0.3390295661,0.1939479849,0.6334241262
67.5675675676,0.6608021490,0.0000073190,0.3391905320,0.1939479849,0.6334241262
67.6676676677,0.6606413976,0.0000073134,0.3393512889,0.1901124001,0.6334241262
67.7677677678,0.6604808538,0.0000073088,0.3395118375,0.1901124001,0.6334241262
67.8678678679,0.6603205173,0.0000073046,0.3396721781,0.1901124001,0.6334241262
67.9679679680,0.6601603879,0.0000073005,0.3398323116,0.1901124001,0.6334241262
68.0680680681,0.6600004655,0.0000072961,0.3399922384,0.1901124001,0.6334241262
68.1681681682,0.6598407498,0.0000072910,0.3401519591,0.1901124001,0.6334241262
68.2682682683,0.6596812403,0.0000072853,0.3403114744,0.1938183997,0.6469620553
68.3683683684,0.6595219350,0.0000072804,0.3404707846,0.1938183997,0.6469620553
68.4684684685,0.6593628336,0.0000072762,0.3406298903,0.1938183997,0.6469620553
68.5685685686,0.6592039358,0.0000072722,0.3407887920,0.1938183997,0.6469620553
68.6686686687,0.6590452416,0.0000072680,0.3409474904,0.1938183997,0.6469620553
68.7687687688,0.6588867506,0.0000072634,0.3411059860,0.1938183997,0.6469620553
68.8688688689,0.6587284628,0.0000072578,0.3412642794,0.1899882164,0.6469620553
68.9689689690,0.6585703764,0.0000072525,0.3414223711,0.1899882164,0.6469620553
69.0690690691,0.6584124905,0.0000072481,0.3415802615,0.1899882164,0.6469620553
69.1691691692,0.6582548048,0.0000072441,0.3417379511,0.1899882164,0.6469620553
69.2692692693,0.6580973192,0.0000072401,0.3418954406,0.1899882164,0.6469620553
69.3693693694,0.6579400336,0.0000072358,0.3420527306,0.1899882164,0.6469620553
69.4694694695,0.6577829477,0.0000072308,0.3422098215,0.1899882164,0.6469620553
69.5695695696,0.6576260609,0.0000072251,0.3423667140,0.1936885376,0.6608207219
69.6696696697,0.6574693713,0.0000072204,0.3425234083,0.1936885376,0.6608207219
69.7697697698,0.6573128787,0.0000072163,0.3426799050,0.1936885376,0.6608207219
69.8698698699,0.6571565828,0.0000072124,0.3428362047,0.1936885376,0.6608207219
69.9699699700,0.6570004836,0.0000072085,0.3429923080,0.1936885376,0.6608207219
70.0700700701,0.6568445807,0.0000072039,0.3431482153,0.1936885376,0.6608207219
70.1701701702,0.6566888742,0.0000071985,0.3433039273,0.1898639315,0.6608207219
70.2702702703,0.6565333624,0.0000071932,0.3434594444,0.1898639315,0.6608207219
70.3703703704,0.6563780443,0.0000071888,0.3436147669,0.1898639315,0.6608207219
70.4704704705,0.6562229196,0.0000071850,0.3437698954,0.1898639315,0.6608207219
70.5705705706,0.6560679883,0.0000071812,0.3439248305,0.1898639315,0.6608207219
70.6706706707,0.6559132501,0.0000071771,0.3440795728,0.1898639315,0.6608207219
70.7707707708,0.6557587051,0.0000071723,0.3442341226,0.1898639315,0.6608207219
70.8708708709,0.6556043526,0.0000071667,0.3443884807,0.1935584003,0.6750083145
70.9709709710,0.6554501909,0.0000071618,0.3445426473,0.1935584003,0.6750083145
71.0710710711,0.6552962194,0.0000071578,0.3446966228,0.1935584003,0.6750083145
71.1711711712,0.6551424381,0.0000071540,0.3448504079,0.1935584003,0.6750083145
71.2712712713,0.6549888467,0.0000071503,0.3450040030,0.1935584003,0.6750083145
71.3713713714,0.6548354451,0.0000071461,0.3451574088,0.1935584003,0.6750083145
71.4714714715,0.6546822333,0.0000071411,0.3453106256,0.1935584003,0.6750083145
71.5715715716,0.6545292104,0.0000071356,0.3454636540,0.1897395460,0.6750083145
71.6716716717,0.6543763747,0.0000071310,0.3456164944,0.1897395460,0.6750083145
71.7717717718,0.6542237258,0.0000071271,0.3457691471,0.1897395460,0.6750083145
71.8718718719,0.6540712638,0.0000071235,0.3459216127,0.1897395460,0.6750083145
71.9719719720,0.6539189884,0.0000071197,0.3460738919,0.1897395460,0.6750083145
72.0720720721,0.6537668996,0.0000071154,0.3462259849,0.1897395460,0.6750083145
72.1721721722,0.6536149973,0.0000071102,0.3463778925,0.1897395460,0.6750083145
72.2722722723,0.6534632801,0.0000071049,0.3465296150,0.1934279875,0.6895332438
72.3723723724,0.6533117468,0.0000071006,0.3466811526,0.1934279875,0.6895332438
72.4724724725,0.6531603971,0.0000070969,0.3468325060,0.1934279875,0.6895332438
72.5725725726,0.6530092310,0.0000070933,0.3469836757,0.1934279875,0.6895332438
72.6726726727,0.6528582483,0.0000070896,0.3471346621,0.1934279875,0.6895332438
72.7727727728,0.6527074491,0.0000070852,0.3472854657,0.1934279875,0.6895332438
72.8728728729,0.6525568330,0.0000070799,0.3474360871,0.1896150588,0.6895332438
72.9729729730,0.6524063986,0.0000070748,0.3475865266,0.1896150588,0.6895332438
73.0730730731,0.6522561448,0.0000070706,0.3477367846,0.1896150588,0.6895332438
73.1731731732,0.6521060715,0.0000070670,0.3478868615,0.1896150588,0.6895332438
73.2732732733,0.6519561786,0.0000070635,0.3480367579,0.1896150588,0.6895332438
73.3733733734,0.6518064660,0.0000070598,0.3481864742,0.1896150588,0.6895332438
73.4734734735,0.6516569336,0.0000070554,0.3483360110,0.1896150588,0.6895332438
73.5735735736,0.6515075813,0.0000070500,0.3484853687,0.1932972979,0.7044041495
73.6736736737,0.6513584073,0.0000070450,0.3486345477,0.1932972979,0.7044041495
73.7737737738,0.6512094108,0.0000070410,0.3487835483,0.1932972979,0.7044041495
73.8738738739,0.6510605916,0.0000070374,0.3489323709,0.1932972979,0.7044041495
73.9739739740,0.6509119498,0.0000070340,0.3490810162,0.1932972979,0.7044041495
74.0740740741,0.6507634851,0.0000070303,0.3492294845,0.1932972979,0.7044041495
74.1741741742,0.6506151975,0.0000070260,0.3493777764,0.1932972979,0.7044041495
74.2742742743,0.6504670870,0.0000070207,0.3495258924,0.1894904677,0.7044041495
74.3743743744,0.6503191517,0.0000070157,0.3496738326,0.1894904677,0.7044041495
74.4744744745,0.6501713908,0.0000070117,0.3498215975,0.1894904677,0.7044041495
74.5745745746,0.6500238042,0.0000070082,0.3499691876,0.1894904677,0.7044041495
74.6746746747,0.6498763918,0.0000070049,0.3501166033,0.1894904677,0.7044041495
74.7747747748,0.6497291536,0.0000070013,0.3502638452,0.1894904677,0.7044041495
74.8748748749,0.6495820894,0.0000069970,0.3504109136,0.1894904677,0.7044041495
74.9749749750,0.6494351993,0.0000069917,0.3505578090,0.1931663288,0.7196299073
75.0750750751,0.6492884815,0.0000069868,0.3507045318,0.1931663288,0.7196299073
75.1751751752,0.6491419351,0.0000069827,0.3508510822,0.1931663288,0.7196299073
75.2752752753,0.6489955599,0.0000069793,0.3509974608,0.1931663288,0.7196299073
75.3753753754,0.6488493560,0.0000069760,0.3511436679,0.1931663288,0.7196299073
75.4754754755,0.6487033233,0.0000069726,0.3512897042,0.1931663288,0.7196299073
75.5755755756,0.6485574616,0.0000069685,0.3514355699,0.1931663288,0.7196299073
75.6756756757,0.6484117709,0.0000069635,0.3515812656,0.1931663288,0.7196299073
75.7757757758,0.6482662501,0.0000069583,0.3517267916,0.1893657690,0.7196299073
75.8758758759,0.6481208977,0.0000069542,0.3518721481,0.1893657690,0.7196299073
75.9759759760,0.6479757136,0.0000069507,0.3520173357,0.1893657690,0.7196299073
76.0760760761,0.6478306977,0.0000069475,0.3521623548,0.1893657690,0.7196299073
76.1761761762,0.6476858500,0.0000069442,0.3523072058,0.1893657690,0.7196299073
76.2762762763,0.6475411705,0.0000069403,0.3524518892,0.1893657690,0.7196299073
76.3763763764,0.6473966591,0.0000069355,0.3525964053,0.1893657690,0.7196299073
76.4764764765,0.6472523151,0.0000069302,0.3527407547,0.1930350768,0.7352196364
76.5765765766,0.6471081366,0.0000069259,0.3528849375,0.1930350768,0.7352196364
76.6766766767,0.6469641235,0.0000069224,0.3530289541,0.1930350768,0.7352196364
76.7767767768,0.6468202758,0.0000069193,0.3531728050,0.1930350768,0.7352196364
76.8768768769,0.6466765933,0.0000069161,0.3533164906,0.1930350768,0.7352196364
76.9769769770,0.6465330762,0.0000069125,0.3534600113,0.1930350768,0.7352196364
77.0770770771,0.6463897242,0.0000069081,0.3536033677,0.1930350768,0.7352196364
77.1771771772,0.6462465373,0.0000069027,0.3537465600,0.1892409586,0.7352196364
77.2772772773,0.6461035133,0.0000068981,0.3538895886,0.1892409586,0.7352196364
77.3773773774,0.6459606518,0.0000068945,0.3540324537,0.1892409586,0.7352196364
77.4774774775,0.6458179529,0.0000068913,0.3541751558,0.1892409586,0.7352196364
77.5775775776,0.6456754164,0.0000068882,0.3543176954,0.1892409586,0.7352196364
77.6776776777,0.6455330423,0.0000068849,0.3544600728,0.1892409586,0.7352196364
77.7777777778,0.6453908306,0.0000068809,0.3546022885,0.1892409586,0.7352196364
77.8778778779,0.6452487813,0.0000068757,0.3547443430,0.1929035376,0.7511827064
77.9779779780,0.6451068929,0.0000068708,0.3548862364,0.1929035376,0.7511827064
78.0780780781,0.6449651641,0.0000068669,0.3550279690,0.1929035376,0.7511827064
78.1781781782,0.6448235951,0.0000068636,0.3551695413,0.1929035376,0.7511827064
78.2782782783,0.6446821857,0.0000068606,0.3553109537,0.1929035376,0.7511827064
78.3783783784,0.6445409359,0.0000068575,0.3554522066,0.1929035376,0.7511827064
78.4784784785,0.6443998457,0.0000068539,0.3555933004,0.1929035376,0.7511827064
78.5785785786,0.6442589151,0.0000068494,0.3557342355,0.1929035376,0.7511827064
78.6786786787,0.6441181436,0.0000068441,0.3558750124,0.1891160309,0.7511827064
78.7787787788,0.6439775292,0.0000068397,0.3560156310,0.1891160309,0.7511827064
78.8788788789,0.6438370718,0.0000068362,0.3561560920,0.1891160309,0.7511827064
78.9789789790,0.6436967712,0.0000068332,0.3562963956,0.1891160309,0.7511827064
79.0790790791,0.6435566274,0.0000068303,0.3564365423,0.1891160309,0.7511827064
79.1791791792,0.6434166405,0.0000068271,0.3565765324,0.1891160309,0.7511827064
79.2792792793,0.6432768105,0.0000068231,0.3567163664,0.1891160309,0.7511827064
79.3793793794,0.6431371372,0.0000068180,0.3568560447,0.1927717063,0.7675287452
79.4794794795,0.6429976193,0.0000068131,0.3569955675,0.1927717063,0.7675287452
79.5795795796,0.6428582556,0.0000068093,0.3571349351,0.1927717063,0.7675287452
79.6796796797,0.6427190460,0.0000068061,0.3572741479,0.1927717063,0.7675287452
79.7797797798,0.6425799905,0.0000068032,0.3574132062,0.1927717063,0.7675287452
79.8798798799,0.6424410892,0.0000068003,0.3575521105,0.1927717063,0.7675287452
79.9799799800,0.6423023420,0.0000067969,0.3576908612,0.1927717063,0.7675287452
80.0800800801,0.6421637488,0.0000067926,0.3578294585,0.1927717063,0.7675287452
80.1801801802,0.6420253096,0.0000067873,0.3579679031,0.1889909800,0.7675287452
80.2802802803,0.6418870223,0.0000067829,0.3581061949,0.1889909800,0.7675287452
80.3803803804,0.6417488864,0.0000067793,0.3582443343,0.1889909800,0.7675287452
80.4804804805,0.6416109019,0.0000067764,0.3583823217,0.1889909800,0.7675287452
80.5805805806,0.6414730689,0.0000067736,0.3585201575,0.1889909800,0.7675287452
80.6806806807,0.6413353873,0.0000067706,0.3586578421,0.1889909800,0.7675287452
80.7807807808,0.6411978572,0.0000067670,0.3587953758,0.1889909800,0.7675287452
80.8808808809,0.6410604785,0.0000067624,0.3589327591,0.1889909800,0.7675287452
80.9809809810,0.6409232506,0.0000067572,0.3590699922,0.1926395773,0.7842676469
81.0810810811,0.6407861715,0.0000067531,0.3592070754,0.1926395773,0.7842676469
81.1811811812,0.6406492412,0.0000067498,0.3593440089,0.1926395773,0.7842676469
81.2812812813,0.6405124598,0.0000067470,0.3594807932,0.1926395773,0.7842676469
81.3813813814,0.6403758271,0.0000067443,0.3596174286,0.1926395773,0.7842676469
81.4814814815,0.6402393432,0.0000067413,0.3597539156,0.1926395773,0.7842676469
81.5815815816,0.6401030081,0.0000067375,0.3598902543,0.1926395773,0.7842676469
81.6816816817,0.6399668218,0.0000067328,0.3600264454,0.1926395773,0.7842676469
81.7817817818,0.6398307833,0.0000067277,0.3601624890,0.1888657993,0.7842676469
81.8818818819,0.6396948910,0.0000067238,0.3602983852,0.1888657993,0.7842676469
81.9819819820,0.6395591448,0.0000067207,0.3604341345,0.1888657993,0.7842676469
82.0820820821,0.6394235447,0.0000067180,0.3605697373,0.1888657993,0.7842676469
82.1821821822,0.6392880909,0.0000067153,0.3607051938,0.1888657993,0.7842676469
82.2822822823,0.6391527832,0.0000067122,0.3608405045,0.1888657993,0.7842676469
82.3823823824,0.6390176218,0.0000067084,0.3609756697,0.1888657993,0.7842676469
82.4824824825,0.6388826067,0.0000067035,0.3611106898,0.1925071445,0.8014095798
82.5825825826,0.6387477364,0.0000066986,0.3612455650,0.1925071445,0.8014095798
82.6826826827,0.6386130096,0.0000066949,0.3613802955,0.1925071445,0.8014095798
82.7827827828,0.6384784264,0.0000066919,0.3615148817,0.1925071445,0.8014095798
82.8828828829,0.6383439868,0.0000066893,0.3616493239,0.1925071445,0.8014095798
82.9829829830,0.6382096908,0.0000066866,0.3617836225,0.1925071445,0.8014095798
83.0830830831,0.6380755386,0.0000066836,0.3619177778,0.1925071445,0.8014095798
83.1831831832,0.6379415299,0.0000066798,0.3620517902,0.1925071445,0.8014095798
83.2832832833,0.6378076650,0.0000066749,0.3621856601,0.1887404814,0.8014095798
83.3833833834,0.6376739424,0.0000066700,0.3623193876,0.1887404814,0.8014095798
83.4834834835,0.6375403607,0.0000066664,0.3624529729,0.1887404814,0.8014095798
83.5835835836,0.6374069201,0.0000066634,0.3625864165,0.1887404814,0.8014095798
83.6836836837,0.6372736206,0.0000066609,0.3627197186,0.1887404814,0.8014095798
83.7837837838,0.6371404621,0.0000066583,0.3628528796,0.1887404814,0.8014095798
83.8838838839,0.6370074449,0.0000066553,0.3629858998,0.1887404814,0.8014095798
83.9839839840,0.6368745688,0.0000066516,0.3631187796,0.1887404814,0.8014095798
84.0840840841,0.6367418340,0.0000066467,0.3632515194,0.1923744013,0.8189649947
84.1841841842,0.6366092389,0.0000066418,0.3633841193,0.1923744013,0.8189649947
84.2842842843,0.6364767824,0.0000066382,0.3635165795,0.1923744013,0.8189649947
84.3843843844,0.6363444644,0.0000066353,0.3636489003,0.1923744013,0.8189649947
84.4844844845,0.6362122851,0.0000066327,0.3637810822,0.1923744013,0.8189649947
84.5845845846,0.6360802443,0.0000066303,0.3639131254,0.1923744013,0.8189649947
84.6846846847,0.6359483423,0.0000066274,0.3640450303,0.1923744013,0.8189649947
84.7847847848,0.6358165790,0.0000066238,0.3641767972,0.1923744013,0.8189649947
84.8848848849,0.6356849544,0.0000066192,0.3643084264,0.1923744013,0.8189649947
84.9849849850,0.6355534676,0.0000066142,0.3644399183,0.1886150187,0.8189649947
85.0850850851,0.6354221168,0.0000066103,0.3645712728,0.1886150187,0.8189649947
85.1851851852,0.6352909022,0.0000066074,0.3647024905,0.1886150187,0.8189649947
85.2852852853,0.6351598237,0.0000066049,0.3648335715,0.1886150187,0.8189649947
85.3853853854,0.6350288813,0.0000066025,0.3649645162,0.1886150187,0.8189649947
85.4854854855,0.6348980753,0.0000065998,0.3650953249,0.1886150187,0.8189649947
85.5855855856,0.6347674055,0.0000065964,0.3652259981,0.1886150187,0.8189649947
85.6856856857,0.6346368721,0.0000065920,0.3653565359,0.1886150187,0.8189649947
85.7857857858,0.6345064744,0.0000065869,0.3654869387,0.1922413407,0.8369446336
85.8858858859,0.6343762105,0.0000065829,0.3656172066,0.1922413407,0.8369446336
85.9859859860,0.6342460803,0.0000065798,0.3657473399,0.1922413407,0.8369446336
86.0860860861,0.6341160838,0.0000065773,0.3658773389,0.1922413407,0.8369446336
86.1861861862,0.6339862211,0.0000065750,0.3660072039,0.1922413407,0.8369446336
86.2862862863,0.6338564923,0.0000065725,0.3661369353,0.1922413407,0.8369446336
86.3863863864,0.6337268973,0.0000065694,0.3662665333,0.1922413407,0.8369446336
86.4864864865,0.6335974362,0.0000065654,0.3663959983,0.1922413407,0.8369446336
86.5865865866,0.6334681091,0.0000065603,0.3665253306,0.1884894030,0.8369446336
86.6866866867,0.6333389137,0.0000065559,0.3666545304,0.1884894030,0.8369446336
86.7867867868,0.6332098497,0.0000065526,0.3667835977,0.1884894030,0.8369446336
86.8868868869,0.6330809170,0.0000065500,0.3669125331,0.1884894030,0.8369446336
86.9869869870,0.6329521156,0.0000065477,0.3670413367,0.1884894030,0.8369446336
87.0870870871,0.6328234458,0.0000065454,0.3671700089,0.1884894030,0.8369446336
87.1871871872,0.6326949074,0.0000065426,0.3672985500,0.1884894030,0.8369446336
87.2872872873,0.6325665007,0.0000065390,0.3674269603,0.1884894030,0.8369446336
87.3873873874,0.6324382256,0.0000065343,0.3675552401,0.1884894030,0.8369446336
87.4874874875,0.6323100809,0.0000065294,0.3676833897,0.1921079556,0.8553595387
87.5875875876,0.6321820652,0.0000065258,0.3678114091,0.1921079556,0.8553595387
87.6876876877,0.6320541784,0.0000065229,0.3679392986,0.1921079556,0.8553595387
87.7877877878,0.6319264207,0.0000065206,0.3680670587,0.1921079556,0.8553595387
87.8878878879,0.6317987921,0.0000065184,0.3681946895,0.1921079556,0.8553595387
87.9879879880,0.6316712927,0.0000065160,0.3683221913,0.1921079556,0.8553595387
88.0880880881,0.6315439225,0.0000065129,0.3684495646,0.1921079556,0.8553595387
88.1881881882,0.6314166816,0.0000065089,0.3685768095,0.1921079556,0.8553595387
88.2882882883,0.6312895699,0.0000065037,0.3687039264,0.1883636257,0.8553595387
88.3883883884,0.6311625852,0.0000064995,0.3688309154,0.1883636257,0.8553595387
88.4884884885,0.6310357271,0.0000064963,0.3689577766,0.1883636257,0.8553595387
88.5885885886,0.6309089958,0.0000064938,0.3690845104,0.1883636257,0.8553595387
88.6886886887,0.6307823912,0.0000064916,0.3692111171,0.1883636257,0.8553595387
88.7887887888,0.6306559135,0.0000064894,0.3693375971,0.1883636257,0.8553595387
88.8888888889,0.6305295627,0.0000064868,0.3694639504,0.1883636257,0.8553595387
88.9889889890,0.6304033390,0.0000064834,0.3695901776,0.1883636257,0.8553595387
89.0890890891,0.6302772423,0.0000064788,0.3697162789,0.1883636257,0.8553595387
89.1891891892,0.6301512718,0.0000064738,0.3698422544,0.1919742382,0.8742210613
89.2892892893,0.6300254256,0.0000064701,0.3699681043,0.1919742382,0.8742210613
89.3893893894,0.6298997038,0.0000064673,0.3700938289,0.1919742382,0.8742210613
89.4894894895,0.6297741065,0.0000064651,0.3702194284,0.1919742382,0.8742210613
89.5895895896,0.6296486338,0.0000064630,0.3703449032,0.1919742382,0.8742210613
89.6896896897,0.6295232858,0.0000064607,0.3704702535,0.1919742382,0.8742210613
89.7897897898,0.6293980624,0.0000064579,0.3705954796,0.1919742382,0.8742210613
89.8898898899,0.6292729639,0.0000064543,0.3707205819,0.1919742382,0.8742210613
89.9899899900,0.6291479902,0.0000064493,0.3708455605,0.1882376779,0.8742210613
90.0900900901,0.6290231396,0.0000064447,0.3709704157,0.1882376779,0.8742210613
90.1901901902,0.6288984112,0.0000064413,0.3710951475,0.1882376779,0.8742210613
90.2902902903,0.6287738049,0.0000064388,0.3712197563,0.1882376779,0.8742210613
90.3903903904,0.6286493210,0.0000064367,0.3713442424,0.1882376779,0.8742210613
90.4904904905,0.6285249594,0.0000064346,0.3714686060,0.1882376779,0.8742210613
90.5905905906,0.6284007203,0.0000064323,0.3715928474,0.1882376779,0.8742210613
90.6906906907,0.6282766038,0.0000064294,0.3717169668,0.1882376779,0.8742210613
90.7907907908,0.6281526099,0.0000064254,0.3718409647,0.1882376779,0.8742210613
90.8908908909,0.6280287385,0.0000064203,0.3719648412,0.1918401806,0.8935408715
90.9909909910,0.6279049875,0.0000064161,0.3720885965,0.1918401806,0.8935408715
91.0910910911,0.6277813565,0.0000064129,0.3722122306,0.1918401806,0.8935408715
91.1911911912,0.6276578455,0.0000064105,0.3723357439,0.1918401806,0.8935408715
91.2912912913,0.6275344547,0.0000064085,0.3724591368,0.1918401806,0.8935408715
91.3913913914,0.6274111841,0.0000064066,0.3725824093,0.1918401806,0.8935408715
91.4914914915,0.6272880338,0.0000064042,0.3727055619,0.1918401806,0.8935408715
91.5915915916,0.6271650039,0.0000064012,0.3728285948,0.1918401806,0.8935408715
91.6916916917,0.6270420945,0.0000063972,0.3729515083,0.1918401806,0.8935408715
91.7917917918,0.6269193054,0.0000063921,0.3730743026,0.1881115502,0.8935408715
91.8918918919,0.6267966343,0.0000063880,0.3731969777,0.1881115502,0.8935408715
91.9919919920,0.6266740811,0.0000063849,0.3733195340,0.1881115502,0.8935408715
92.0920920921,0.6265516457,0.0000063826,0.3734419716,0.1881115502,0.8935408715
92.1921921922,0.6264293284,0.0000063807,0.3735642909,0.1881115502,0.8935408715
92.2922922923,0.6263071292,0.0000063788,0.3736864921,0.1881115502,0.8935408715
92.3923923924,0.6261850481,0.0000063765,0.3738085754,0.1881115502,0.8935408715
92.4924924925,0.6260630854,0.0000063734,0.3739305412,0.1881115502,0.8935408715
92.5925925926,0.6259412410,0.0000063693,0.3740523897,0.1881115502,0.8935408715
92.6926926927,0.6258195146,0.0000063642,0.3741741212,0.1917057747,0.9133309680
92.7927927928,0.6256979042,0.0000063602,0.3742957356,0.1917057747,0.9133309680
92.8928928929,0.6255764095,0.0000063572,0.3744172332,0.1917057747,0.9133309680
92.9929929930,0.6254550306,0.0000063550,0.3745386143,0.1917057747,0.9133309680
93.0930930931,0.6253337677,0.0000063531,0.3746598792,0.1917057747,0.9133309680
93.1931931932,0.6252126207,0.0000063513,0.3747810281,0.1917057747,0.9133309680
93.2932932933,0.6250915898,0.0000063490,0.3749020612,0.1917057747,0.9133309680
93.3933933934,0.6249706751,0.0000063461,0.3750229788,0.1917057747,0.9133309680
93.4934934935,0.6248498766,0.0000063422,0.3751437812,0.1917057747,0.9133309680
93.5935935936,0.6247291942,0.0000063371,0.3752644687,0.1879852330,0.9133309680
93.6936936937,0.6246086259,0.0000063329,0.3753850412,0.1879852330,0.9133309680
93.7937937938,0.6244881712,0.0000063299,0.3755054990,0.1879852330,0.9133309680
93.8938938939,0.6243678301,0.0000063276,0.3756258422,0.1879852330,0.9133309680
93.9939939940,0.6242476029,0.0000063258,0.3757460713,0.1879852330,0.9133309680
94.0940940941,0.6241274896,0.0000063240,0.3758661864,0.1879852330,0.9133309680
94.1941941942,0.6240074903,0.0000063219,0.3759861878,0.1879852330,0.9133309680
94.2942942943,0.6238876051,0.0000063191,0.3761060757,0.1879852330,0.9133309680
94.3943943944,0.6237678342,0.0000063154,0.3762258505,0.1879852330,0.9133309680
94.4944944945,0.6236481774,0.0000063103,0.3763455123,0.1915710121,0.9336036882
94.5945945946,0.6235286329,0.0000063060,0.3764650611,0.1915710121,0.9336036882
94.6946946947,0.6234091999,0.0000063029,0.3765844973,0.1915710121,0.9336036882
94.7947947948,0.6232898786,0.0000063005,0.3767038209,0.1915710121,0.9336036882
94.8948948949,0.6231706690,0.0000062987,0.3768230323,0.1915710121,0.9336036882
94.9949949950,0.6230515713,0.0000062970,0.3769421317,0.1915710121,0.9336036882
95.0950950951,0.6229325856,0.0000062951,0.3770611194,0.1915710121,0.9336036882
95.1951951952,0.6228137119,0.0000062926,0.3771799956,0.1915710121,0.9336036882
95.2952952953,0.6226949504,0.0000062891,0.3772987605,0.1915710121,0.9336036882
95.3953953954,0.6225763011,0.0000062845,0.3774174144,0.1915710121,0.9336036882
95.4954954955,0.6224577628,0.0000062797,0.3775359575,0.1878587166,0.9336036882
95.5955955956,0.6223393340,0.0000062762,0.3776543897,0.1878587166,0.9336036882
95.6956956957,0.6222210148,0.0000062737,0.3777727114,0.1878587166,0.9336036882
95.7957957958,0.6221028054,0.0000062718,0.3778909228,0.1878587166,0.9336036882
95.8958958959,0.6219847057,0.0000062702,0.3780090241,0.1878587166,0.9336036882
95.9959959960,0.6218667160,0.0000062684,0.3781270156,0.1878587166,0.9336036882
96.0960960961,0.6217488363,0.0000062662,0.3782448975,0.1878587166,0.9336036882
96.1961961962,0.6216310668,0.0000062631,0.3783626701,0.1878587166,0.9336036882
96.2962962963,0.6215134075,0.0000062589,0.3784803336,0.1878587166,0.9336036882
96.3963963964,0.6213958580,0.0000062539,0.3785978881,0.1914358841,0.9543717184
96.4964964965,0.6212784162,0.0000062500,0.3787153338,0.1914358841,0.9543717184
96.5965965966,0.6211610820,0.0000062472,0.3788326707,0.1914358841,0.9543717184
96.6966966967,0.6210438555,0.0000062452,0.3789498993,0.1914358841,0.9543717184
96.7967967968,0.6209267368,0.0000062435,0.3790670196,0.1914358841,0.9543717184
96.8968968969,0.6208097261,0.0000062419,0.3791840320,0.1914358841,0.9543717184
96.9969969970,0.6206928233,0.0000062400,0.3793009367,0.1914358841,0.9543717184
97.0970970971,0.6205760288,0.0000062374,0.3794177338,0.1914358841,0.9543717184
97.1971971972,0.6204593424,0.0000062339,0.3795344237,0.1914358841,0.9543717184
97.2972972973,0.6203427644,0.0000062290,0.3796510066,0.1877319907,0.9543717184
97.3973973974,0.6202262930,0.0000062245,0.3797674825,0.1877319907,0.9543717184
97.4974974975,0.6201099273,0.0000062212,0.3798838515,0.1877319907,0.9543717184
97.5975975976,0.6199936672,0.0000062189,0.3800001140,0.1877319907,0.9543717184
97.6976976977,0.6198775129,0.0000062171,0.3801162700,0.1877319907,0.9543717184
97.7977977978,0.6197614645,0.0000062156,0.3802323199,0.1877319907,0.9543717184
97.8978978979,0.6196455222,0.0000062139,0.3803482639,0.1877319907,0.9543717184
97.9979979980,0.6195296860,0.0000062118,0.3804641022,0.1877319907,0.9543717184
98.0980980981,0.6194139562,0.0000062088,0.3805798350,0.1877319907,0.9543717184
98.1981981982,0.6192983327,0.0000062047,0.3806954626,0.1877319907,0.9543717184
98.2982982983,0.6191828152,0.0000061997,0.3808109851,0.1913003819,0.9756481052
98.3983983984,0.6190674017,0.0000061957,0.3809264026,0.1913003819,0.9756481052
98.4984984985,0.6189520918,0.0000061929,0.3810417152,0.1913003819,0.9756481052
98.5985985986,0.6188368858,0.0000061909,0.3811569232,0.1913003819,0.9756481052
98.6986986987,0.6187217838,0.0000061893,0.3812720269,0.1913003819,0.9756481052
98.7987987988,0.6186067858,0.0000061879,0.3813870263,0.1913003819,0.9756481052
98.8988988989,0.6184918920,0.0000061861,0.3815019218,0.1913003819,0.9756481052
98.9989989990,0.6183771025,0.0000061838,0.3816167136,0.1913003819,0.9756481052
99.0990990991,0.6182624174,0.0000061806,0.3817314019,0.1913003819,0.9756481052
99.1991991992,0.6181478369,0.0000061762,0.3818459869,0.1913003819,0.9756481052
99.2992992993,0.6180333598,0.0000061714,0.3819604688,0.1300005802,0.7833585045
99.3993993994,0.6179189844,0.0000061682,0.3820748475,0.1300005802,0.7833585045
99.4994994995,0.6178047107,0.0000061660,0.3821891233,0.1300005802,0.7833585045
99.5995995996,0.6176905391,0.0000061645,0.3823032964,0.1300005802,0.7833585045
99.6996996997,0.6175764699,0.0000061630,0.3824173671,0.1300005802,0.7833585045
99.7997997998,0.6174625033,0.0000061611,0.3825313356,0.1300005802,0.7833585045
99.8998998999,0.6173486398,0.0000061581,0.3826452021,0.1300005802,0.7833585045
100.0000000000,0.6172348795,0.0000061536,0.3827589669,0.1300005802,0.7833585045
